{
  "nio/CounterIntervalSimulator": {
    "language": "Python",
    "url": "git://github.com/nio-blocks/simulator.git",
    "version": "1.3.0"
  },
  "nio/CounterSafeSimulator": {
    "language": "Python",
    "url": "git://github.com/nio-blocks/simulator.git",
    "version": "1.1.0"
  },
  "nio/FileIntervalSimulator": {
    "language": "Python",
    "url": "git://github.com/nio-blocks/simulator.git",
    "version": "1.3.0"
  },
  "nio/IdentityCronSimulator": {
    "language": "Python",
    "url": "git://github.com/nio-blocks/simulator.git",
    "version": "0.1.0"
  },
  "nio/IdentityIntervalSimulator": {
    "language": "Python",
    "url": "git://github.com/nio-blocks/simulator.git",
    "version": "1.2.0"
  }
}