{
  "nio/CounterIntervalSimulator": {
    "version": "1.3.0",
    "description": "Simulates and notifies a signal every [interval] seconds.",
    "categories": [
      "Signal Generator"
    ],
    "properties": {
      "attr_name": {
        "title": "Simulated Attribute",
        "type": "StringType",
        "description": "The name of the attribute on the Signal.",
        "default": "sim"
      },
      "attr_value": {
        "title": "Simulated Value",
        "type": "ObjectType",
        "description": "The value assigned to the simulated attribute.",
        "default": {
          "start": 0,
          "step": 1,
          "end": 1
        }
      },
      "interval": {
        "title": "Interval",
        "type": "TimeDeltaType",
        "description": "How often should the block notify signals.",
        "default": {
          "seconds": 1
        }
      },
      "num_signals": {
        "title": "Number of Signals",
        "type": "IntType",
        "description": "How many signals get notified at once.",
        "default": 1
      },
      "total_signals": {
        "title": "Total Number of Signals",
        "type": "IntType",
        "description": "The maximum number of signals to notify overall. If less than 0 (-1 by default), then the trigger will continue to notify indefinitely until the block is stopped.",
        "default": -1
      }
    },
    "inputs": {},
    "outputs": {
      "default": {
        "description": "The simulated signals."
      }
    },
    "commands": {}
  },
  "nio/CounterSafeSimulator": {
    "version": "1.1.0",
    "description": "Simulates and notifies a signal every [interval] seconds, even if not all signals have been simulated.  If the max_count is too high, the block will notify a signal with however many signals it was able to create during the defined interval.",
    "categories": [
      "Signal Generator"
    ],
    "properties": {
      "attr_name": {
        "title": "Simulated Attribute",
        "type": "StringType",
        "description": "The name of the attribute on the Signal.",
        "default": "sim"
      },
      "attr_value": {
        "title": "Simulated Value",
        "type": "ObjectType",
        "description": "The value assigned to the simulated attribute.",
        "default": {
          "start": 0,
          "step": 1,
          "end": 1
        }
      },
      "interval": {
        "title": "Interval",
        "type": "TimeDeltaType",
        "description": "How often should the block notify signals.",
        "default": {
          "seconds": 1
        }
      },
      "max_count": {
        "title": "Max Count",
        "type": "IntType",
        "description": "Maximum signals to notify \u2014 the block will never notify more signals than this count every interval. However, if the number is too high for it to create, it may return less than this number. The only guarantee made by this block is that a notification will happen every interval.",
        "default": 1
      }
    },
    "inputs": {},
    "outputs": {
      "default": {
        "description": "The simulated signals."
      }
    },
    "commands": {}
  },
  "nio/FileIntervalSimulator": {
    "version": "1.3.0",
    "description": "Creates signals as defined by a json file. The file must be a list of dictionaries where each dictionary is a nio Signal. The file should be loadable using `json.load`.  Each call to generate_signals will return a signal from the list loaded in from the json file.  When asked to generate -1 signals, it will generate all signals in the file.",
    "categories": [
      "Signal Generator"
    ],
    "properties": {
      "interval": {
        "title": "Interval",
        "type": "TimeDeltaType",
        "description": "How often should the block notify signals.",
        "default": {
          "seconds": 1
        }
      },
      "num_signals": {
        "title": "Number of Signals",
        "type": "IntType",
        "description": "How many signals get notified at once.",
        "default": 1
      },
      "random_selection": {
        "title": "Choose Randomly?",
        "type": "BoolType",
        "description": "Whether or not to randomly pull from the file. If unchecked, the simulator will iterate through the file sequentially.",
        "default": true
      },
      "signals_file": {
        "title": "Signals File",
        "type": "FileType",
        "description": "The location of the file containing a list of signals. It can be an absolute file location, relative to the root project directory or relative to the block path.",
        "default": "signals.json"
      },
      "total_signals": {
        "title": "Total Number of Signals",
        "type": "IntType",
        "description": "The maximum number of signals to notify overall. If less than 0 (-1 by default), then the trigger will continue to notify indefinitely until the block is stopped.",
        "default": -1
      }
    },
    "inputs": {},
    "outputs": {
      "default": {
        "description": "The simulated signals."
      }
    },
    "commands": {}
  },
  "nio/IdentityCronSimulator": {
    "version": "0.1.0",
    "description": "Simulate and notify signals according to a cron-like timetable",
    "categories": [
      "Signal Generator"
    ],
    "properties": {
      "cron": {
        "title": "Cron Schedule",
        "type": "ObjectType",
        "description": "",
        "default": {
          "hour": "0",
          "minute": "0",
          "day_of_month": "*",
          "day_of_week": "*",
          "month": "*"
        }
      },
      "num_signals": {
        "title": "Number of Signals",
        "type": "IntType",
        "description": "How many signals get notified at once.",
        "default": 1
      }
    },
    "inputs": {},
    "outputs": {
      "default": {
        "description": "The simulated signals."
      }
    },
    "commands": {}
  },
  "nio/IdentityIntervalSimulator": {
    "version": "1.2.0",
    "description": "Simulates and notifies empty signals.",
    "categories": [
      "Signal Generator"
    ],
    "properties": {
      "interval": {
        "title": "Interval",
        "type": "TimeDeltaType",
        "description": "How often should the block notify signals.",
        "default": {
          "seconds": 1
        }
      },
      "num_signals": {
        "title": "Number of Signals",
        "type": "IntType",
        "description": "How many signals get notified at once.",
        "default": 1
      },
      "total_signals": {
        "title": "Total Number of Signals",
        "type": "IntType",
        "description": "The maximum number of signals to notify overall. If less than 0 (-1 by default), then the trigger will continue to notify indefinitely until the block is stopped.",
        "default": -1
      }
    },
    "inputs": {},
    "outputs": {
      "default": {
        "description": "The simulated signals."
      }
    },
    "commands": {}
  }
}