{
  "nio/Modifier": {
    "version": "1.0.0",
    "description": "Adds attributes to existing signals as specified. If the `exclude` flag is set, the block instantiates new (generic) signals and passes them along with *only* the specified `fields`.",
    "categories": [
      "Signal Modifier"
    ],
    "properties": {
      "exclude": {
        "title": "Exclude existing fields?",
        "type": "BoolType",
        "description": "If `True`, output signals only contain the attributes specified by `fields`.",
        "default": false
      },
      "fields": {
        "title": "Fields",
        "type": "ListType",
        "description": "List of attribute names and corresponding values to add to the incoming signals.",
        "default": []
      }
    },
    "inputs": {
      "default": {
        "description": "Any list of signals."
      }
    },
    "outputs": {
      "default": {
        "description": "One signal for every incoming signal, modified according to `fields` and `exclude`."
      }
    },
    "commands": {}
  }
}
