{
  "nio/LocalPublisher": {
    "language": "Python",
    "version": "0.1.1",
    "url": "git://github.com/nio-blocks/communication.git"
  },
  "nio/LocalSubscriber": {
    "language": "Python",
    "version": "0.1.1",
    "url": "git://github.com/nio-blocks/communication.git"
  },
  "nio/Publisher": {
    "language": "Python",
    "version": "1.0.0",
    "url": "git://github.com/nio-blocks/communication.git"
  },
  "nio/Subscriber": {
    "language": "Python",
    "version": "1.0.1",
    "url": "git://github.com/nio-blocks/communication.git"
  }
}
