{
  "nio/Filter": {
    "version": "2.0.0",
    "description": "A block for filtering signal objects based on a list of plaintext conditions, evaluated as Python code.",
    "categories": [
      "Signal Flow"
    ],
    "properties": {
      "conditions": {
        "title": "Filter Conditions",
        "type": "ListProperty",
        "description": "A list of strings to be evaluated as filter conditions.",
        "default": []
      },
      "operator": {
        "title": "Condition Operator",
        "type": "SelectProperty",
        "description": "Determines whether all or any of the conditions must be satisfied for a signal to pass the filter.",
        "default": 1
      }
    },
    "inputs": {
      "default": {
        "description": "Signal to be filtered"
      }
    },
    "outputs": {
      "false": {
        "description": "Signals that evaluate to False emit from this output"
      },
      "true": {
        "description": "Signals that evaluate to True emit from this output"
      }
    },
    "commands": {}
  }
}